id;nombre;email;telefono
1;geez impressive substitution;Jarret_Hoppe80@yahoo.com;immaculate
2;unaccountably;Robin_Ortiz@gmail.com;swing battle foodstuffs
3;likewise;Loraine.Smith@hotmail.com;thoroughly
4;finally huzzah poor;Danny58@yahoo.com;after next which
5;seemingly;Jed.Mosciski@gmail.com;misappropriate
6;elevator populist;Mabelle20@hotmail.com;eventually woot
7;over;Godfrey_Funk@hotmail.com;libel
8;circa beautifully since;Dallin.Lubowitz20@yahoo.com;boo
9;times qua;Darryl_Reichel72@yahoo.com;partially afore zowie
10;condense uncomfortable yum;Tressa.Russel@yahoo.com;vague rim up
